variable,sample,HSIC,R2HSIC,pvalue_asymptotic,pvalue_permutation
$x_1$,Subset 1,0.00014760073420561003,0.09823928388904023,2.412155920570639e-257,
$x_2$,Subset 1,1.8190565044383616e-06,0.001211165859277146,9.992348615409146e-05,
$x_3$,Subset 1,6.287192957679057e-05,0.04216160220411119,2.0326436064056028e-58,
$x_1$,Subset 2,4.026272501023254e-05,0.01983970603115325,1.3493475442239196e-126,
$x_2$,Subset 2,2.9280401819960478e-06,0.0013568808393264317,1.441386030501735e-05,
$x_3$,Subset 2,3.9116046175239945e-05,0.014357861730922033,1.473322784011403e-26,
$x_1$,Subset 3,4.287548517303204e-05,0.006572530784177217,1.0991176487462285e-30,
$x_2$,Subset 3,-1.6793081177477002e-07,-2.4583997036975545e-05,0.4363939214555505,
$x_3$,Subset 3,8.594980259662844e-06,0.0008927862181010854,0.002115137517325976,
